run_id,source_file,source_row,version,attack_name,model_id,dataset_name,seed,num_clients,clients_per_round,federated_rounds,local_epochs,max_length,threshold,gradient_threshold,ldp_mechanism,rag_enabled,n,members,nonmembers,tp,fn,fp,tn,tpr,fpr,balanced_accuracy,advantage,auc,constant_prediction,unique_scores
loss_federated_llm_adaptation_v1_6b867aebd9da4cc2,1-firexport_basic_1789247974262.csv,2,legacy,loss,distilgpt2,squad,7,2,2,1,1,64,,,,False,6,3,3,2,1,1,2,0.6666666666666666,0.3333333333333333,0.6666666666666666,0.3333333333333333,0.7777777777777778,False,6
0020bc6b33b55c43,2-firexport_basic_1789247966014.csv,2,legacy,neighborhood,distilgpt2,squad,7,2,2,1,1,64,0.02,,,False,6,3,3,3,0,3,0,1.0,1.0,0.5,0.0,0.6666666666666666,True,6
03320ea8801b3520,2-firexport_basic_1789247966014.csv,3,legacy,neighborhood,distilgpt2,squad,7,2,2,1,4,64,0.02,,,False,6,3,3,3,0,3,0,1.0,1.0,0.5,0.0,0.7777777777777778,True,6
041e22a11fbb2bb6,2-firexport_basic_1789247966014.csv,4,legacy,spv_mia,distilgpt2,nq_open,7,2,2,1,1,64,0,,,False,6,3,3,2,1,2,1,0.6666666666666666,0.6666666666666666,0.5,0.0,0.6666666666666666,False,6
04cd7a737ebbbb1d,2-firexport_basic_1789247966014.csv,5,legacy,min_k,distilgpt2,trivia_qa,7,2,2,1,1,64,-4.08,,,False,6,3,3,0,3,0,3,0.0,0.0,0.5,0.0,0.6666666666666666,True,6
09f8a9ae0eae5e6a,2-firexport_basic_1789247966014.csv,6,legacy,zlib,distilgpt2,squad,7,2,2,1,1,64,-0.0058,,,False,6,3,3,1,2,1,2,0.3333333333333333,0.3333333333333333,0.5,0.0,0.6666666666666666,False,6
0b67fef78c1b2162,2-firexport_basic_1789247966014.csv,7,legacy,reference,distilgpt2,squad,101,2,2,1,1,64,0.25,,,False,6,3,3,2,1,0,3,0.6666666666666666,0.0,0.8333333333333333,0.6666666666666666,1.0,False,6
0b8f0f4299f53748,2-firexport_basic_1789247966014.csv,8,legacy,reference,distilgpt2,corporate_enron,7,2,2,1,1,64,0.25,,,False,6,3,3,3,0,2,1,1.0,0.6666666666666666,0.6666666666666666,0.33333333333333337,1.0,False,6
0bee47c53e33d7c0,2-firexport_basic_1789247966014.csv,9,legacy,neighborhood,distilgpt2,corporate_enron,7,2,2,1,1,64,0.02,,,False,6,3,3,3,0,3,0,1.0,1.0,0.5,0.0,0.7777777777777778,True,6
0c354554872f972f,2-firexport_basic_1789247966014.csv,10,legacy,reference,distilgpt2,squad,23,2,2,1,1,64,0.25,,,False,6,3,3,0,3,0,3,0.0,0.0,0.5,0.0,1.0,True,6
0cb8a77d9f76851e,2-firexport_basic_1789247966014.csv,12,legacy,min_k_plus_plus,distilgpt2,squad,7,2,2,1,1,256,-3.25,,,False,6,3,3,3,0,3,0,1.0,1.0,0.5,0.0,0.6666666666666666,True,6
0f6b99dd08d56ce5,2-firexport_basic_1789247966014.csv,14,legacy,min_k_plus_plus,distilgpt2,hotpot_qa,7,2,2,1,1,64,-3.25,,,False,6,3,3,3,0,3,0,1.0,1.0,0.5,0.0,0.6666666666666666,True,6
0fb07ce5f553ac7c,2-firexport_basic_1789247966014.csv,15,legacy,samia,distilgpt2,medical_medquad,7,2,2,1,1,64,0.5,,,False,6,3,3,0,3,0,3,0.0,0.0,0.5,0.0,0.3333333333333333,True,6
102f48588eb27581,2-firexport_basic_1789247966014.csv,16,legacy,samia,distilgpt2,squad,7,2,2,1,4,64,0.5,,,False,6,3,3,0,3,0,3,0.0,0.0,0.5,0.0,0.5555555555555556,True,3
119a5733930b1681,2-firexport_basic_1789247966014.csv,17,legacy,recall,distilgpt2,squad,7,2,2,1,1,128,1.05,,,False,6,3,3,2,1,2,1,0.6666666666666666,0.6666666666666666,0.5,0.0,0.6666666666666666,False,6
13034902093c0819,2-firexport_basic_1789247966014.csv,18,legacy,zlib,distilgpt2,squad,7,2,2,1,1,256,-0.0058,,,False,6,3,3,1,2,1,2,0.3333333333333333,0.3333333333333333,0.5,0.0,0.6666666666666666,False,6
14a08d47f9c5e4bf,2-firexport_basic_1789247966014.csv,19,legacy,reference,distilgpt2,squad,11,2,2,1,1,64,0.25,,,False,6,3,3,3,0,0,3,1.0,0.0,1.0,1.0,1.0,False,6
160b73ff70a971b9,2-firexport_basic_1789247966014.csv,20,legacy,min_k,distilgpt2,squad,101,2,2,1,1,64,-4.08,,,False,6,3,3,0,3,0,3,0.0,0.0,0.5,0.0,0.8888888888888888,True,6
16ac43a8590d5b77,2-firexport_basic_1789247966014.csv,21,legacy,neighborhood,distilgpt2,squad,101,2,2,1,1,64,0.02,,,False,6,3,3,3,0,3,0,1.0,1.0,0.5,0.0,0.6666666666666666,True,6
16b35ad50ca20c3e,2-firexport_basic_1789247966014.csv,22,legacy,zlib,distilgpt2,squad,7,8,8,1,1,64,-0.0058,,,False,6,3,3,1,2,1,2,0.3333333333333333,0.3333333333333333,0.5,0.0,0.6666666666666666,False,6
16f38fbb51f4e828,2-firexport_basic_1789247966014.csv,23,legacy,recall,distilgpt2,squad,7,2,2,1,4,64,1.05,,,False,6,3,3,3,0,2,1,1.0,0.6666666666666666,0.6666666666666666,0.33333333333333337,0.7777777777777778,False,6
179d510029a169c1,2-firexport_basic_1789247966014.csv,24,legacy,wbc,distilgpt2,financial_phrasebank,7,2,2,1,1,64,0.75,,,False,6,3,3,3,0,1,2,1.0,0.3333333333333333,0.8333333333333333,0.6666666666666667,1.0,False,6
1a20f99d63af6ff2,2-firexport_basic_1789247966014.csv,25,legacy,spv_mia,distilgpt2,squad,7,8,8,1,1,64,0,,,False,6,3,3,3,0,3,0,1.0,1.0,0.5,0.0,0.7777777777777778,True,6
1d8c20434a7879c7f6ac771d,2-firexport_basic_1789247966014.csv,27,legacy,amia,distilgpt2,squad,11,2,2,1,1,64,,1e-08,,False,6,3,3,3,0,0,3,1.0,0.0,1.0,1.0,1.0,False,2
1df9670e9205e72c,2-firexport_basic_1789247966014.csv,28,legacy,samia,distilgpt2,trivia_qa,7,2,2,1,1,64,0.5,,,False,6,3,3,0,3,0,3,0.0,0.0,0.5,0.0,0.5555555555555556,True,6
1fb7d01bcddb94ea,2-firexport_basic_1789247966014.csv,29,legacy,reference,distilgpt2,squad,42,2,2,1,1,64,0.25,,,False,6,3,3,2,1,0,3,0.6666666666666666,0.0,0.8333333333333333,0.6666666666666666,0.8888888888888888,False,6
1fd9c34f04de46c8,2-firexport_basic_1789247966014.csv,30,legacy,recall,distilgpt2,hotpot_qa,7,2,2,1,1,64,1.05,,,False,6,3,3,2,1,1,2,0.6666666666666666,0.3333333333333333,0.6666666666666666,0.3333333333333333,0.6666666666666666,False,6
208e599e77e0bfd7,2-firexport_basic_1789247966014.csv,31,legacy,samia,distilgpt2,squad,7,8,8,1,1,64,0.5,,,False,6,3,3,0,3,0,3,0.0,0.0,0.5,0.0,0.5555555555555556,True,3
20f5e4fa67138559,2-firexport_basic_1789247966014.csv,32,legacy,recall,distilgpt2,squad,42,2,2,1,1,64,1.05,,,False,6,3,3,3,0,3,0,1.0,1.0,0.5,0.0,0.7777777777777778,True,6
2243686f5d8dab70,2-firexport_basic_1789247966014.csv,34,legacy,recall,distilgpt2,squad,7,2,2,4,1,64,1.05,,,False,6,3,3,3,0,2,1,1.0,0.6666666666666666,0.6666666666666666,0.33333333333333337,0.6666666666666666,False,6
281526aa22863541,2-firexport_basic_1789247966014.csv,35,legacy,reference,distilgpt2,nq_open,7,2,2,1,1,64,0.25,,,False,6,3,3,3,0,0,3,1.0,0.0,1.0,1.0,1.0,False,6
28a5aec0fb1e81f3,2-firexport_basic_1789247966014.csv,36,legacy,recall,distilgpt2,squad,11,2,2,1,1,64,1.05,,,False,6,3,3,3,0,3,0,1.0,1.0,0.5,0.0,0.7777777777777778,True,6
2955a5d2d66a1ab9,2-firexport_basic_1789247966014.csv,37,legacy,min_k_plus_plus,distilgpt2,corporate_enron,7,2,2,1,1,64,-3.25,,,False,6,3,3,3,0,2,1,1.0,0.6666666666666666,0.6666666666666666,0.33333333333333337,0.7777777777777778,False,6
2984aad579d0a8a6,2-firexport_basic_1789247966014.csv,38,legacy,min_k,distilgpt2,squad,7,2,2,2,1,64,-4.08,,,False,6,3,3,0,3,0,3,0.0,0.0,0.5,0.0,0.7777777777777778,True,6
29c7d47ee1f0c9c3,2-firexport_basic_1789247966014.csv,39,legacy,wbc,distilgpt2,medical_medquad,7,2,2,1,1,64,0.75,,,False,6,3,3,3,0,2,1,1.0,0.6666666666666666,0.6666666666666666,0.33333333333333337,1.0,False,6
2bcab4242cf11020,2-firexport_basic_1789247966014.csv,41,legacy,neighborhood,distilgpt2,squad,11,2,2,1,1,64,0.02,,,False,6,3,3,3,0,3,0,1.0,1.0,0.5,0.0,0.7777777777777778,True,6
2d469e2f9d26f05e,2-firexport_basic_1789247966014.csv,42,legacy,min_k,distilgpt2,squad,7,2,2,1,1,256,-4.08,,,False,6,3,3,0,3,0,3,0.0,0.0,0.5,0.0,0.6666666666666666,True,6
2d8874bb1c79082a,2-firexport_basic_1789247966014.csv,43,legacy,neighborhood,distilgpt2,squad,7,8,8,1,1,64,0.02,,,False,6,3,3,3,0,3,0,1.0,1.0,0.5,0.0,0.6666666666666666,True,6
2dad5a7588c051bb,2-firexport_basic_1789247966014.csv,44,legacy,recall,distilgpt2,squad,101,2,2,1,1,64,1.05,,,False,6,3,3,3,0,3,0,1.0,1.0,0.5,0.0,0.6666666666666666,True,6
300ed6c5048eb35a,2-firexport_basic_1789247966014.csv,45,legacy,wbc,distilgpt2,trivia_qa,7,2,2,1,1,64,0.75,,,False,6,3,3,3,0,2,1,1.0,0.6666666666666666,0.6666666666666666,0.33333333333333337,0.7777777777777778,False,5
3251fbafe7b2f6b5,2-firexport_basic_1789247966014.csv,47,legacy,reference,distilgpt2,hotpot_qa,7,2,2,1,1,64,0.25,,,False,6,3,3,1,2,0,3,0.3333333333333333,0.0,0.6666666666666666,0.3333333333333333,1.0,False,6
32b3f6ef369342b2,2-firexport_basic_1789247966014.csv,48,legacy,min_k_plus_plus,distilgpt2,squad,101,2,2,1,1,64,-3.25,,,False,6,3,3,3,0,3,0,1.0,1.0,0.5,0.0,0.7777777777777778,True,6
339513fa9b1dc95e,2-firexport_basic_1789247966014.csv,49,legacy,min_k_plus_plus,distilgpt2,squad,7,2,2,1,4,64,-3.25,,,False,6,3,3,3,0,3,0,1.0,1.0,0.5,0.0,1.0,True,6
368dad2522884529,2-firexport_basic_1789247966014.csv,51,legacy,wbc,distilgpt2,squad,7,8,8,1,1,64,0.75,,,False,6,3,3,3,0,2,1,1.0,0.6666666666666666,0.6666666666666666,0.33333333333333337,0.6111111111111112,False,5
36e0075f036f003e,2-firexport_basic_1789247966014.csv,53,legacy,recall,distilgpt2,squad,7,2,2,1,2,64,1.05,,,False,6,3,3,2,1,2,1,0.6666666666666666,0.6666666666666666,0.5,0.0,0.6666666666666666,False,6
3730b808fe928978,2-firexport_basic_1789247966014.csv,54,legacy,reference,distilgpt2,squad,7,2,2,1,1,64,0.25,,,False,6,3,3,2,1,0,3,0.6666666666666666,0.0,0.8333333333333333,0.6666666666666666,1.0,False,6
38d97562605d67d5,2-firexport_basic_1789247966014.csv,55,legacy,neighborhood,distilgpt2,medical_medquad,7,2,2,1,1,64,0.02,,,False,6,3,3,3,0,3,0,1.0,1.0,0.5,0.0,0.5555555555555556,True,6
39be70371663c0a36a171934,2-firexport_basic_1789247966014.csv,56,legacy,amia,distilgpt2,squad,101,2,2,1,1,64,,1e-08,,False,6,3,3,3,0,0,3,1.0,0.0,1.0,1.0,1.0,False,3
401891d9556517ea,2-firexport_basic_1789247966014.csv,57,legacy,zlib,distilgpt2,squad,7,2,2,1,2,64,-0.0058,,,False,6,3,3,1,2,1,2,0.3333333333333333,0.3333333333333333,0.5,0.0,0.6666666666666666,False,6
40b501523f057537,2-firexport_basic_1789247966014.csv,59,legacy,recall,distilgpt2,nq_open,7,2,2,1,1,64,1.05,,,False,6,3,3,3,0,3,0,1.0,1.0,0.5,0.0,0.7777777777777778,True,6
40cbb4589b0ca113,2-firexport_basic_1789247966014.csv,60,legacy,wbc,distilgpt2,squad,7,2,2,1,1,256,0.75,,,False,6,3,3,3,0,1,2,1.0,0.3333333333333333,0.8333333333333333,0.6666666666666667,1.0,False,6
41295304ef7bd850,2-firexport_basic_1789247966014.csv,61,legacy,reference,distilgpt2,squad,7,2,2,1,4,64,0.25,,,False,6,3,3,3,0,0,3,1.0,0.0,1.0,1.0,1.0,False,6
43faa3e4394b9206,2-firexport_basic_1789247966014.csv,62,legacy,reference,distilgpt2,squad,7,2,2,1,1,256,0.25,,,False,6,3,3,2,1,0,3,0.6666666666666666,0.0,0.8333333333333333,0.6666666666666666,1.0,False,6
4455f280304a67b7,2-firexport_basic_1789247966014.csv,63,legacy,spv_mia,distilgpt2,squad,7,2,2,1,1,64,0,,,False,6,3,3,3,0,2,1,1.0,0.6666666666666666,0.6666666666666666,0.33333333333333337,1.0,False,6
4774edf1bf7a896a,2-firexport_basic_1789247966014.csv,64,legacy,min_k_plus_plus,distilgpt2,medical_medquad,7,2,2,1,1,64,-3.25,,,False,6,3,3,3,0,3,0,1.0,1.0,0.5,0.0,0.7777777777777778,True,6
4775a20726cf24b3,2-firexport_basic_1789247966014.csv,65,legacy,min_k,distilgpt2,squad,7,2,2,1,4,64,-4.08,,,False,6,3,3,0,3,0,3,0.0,0.0,0.5,0.0,0.7777777777777778,True,6
4b2a185eeba4bf4e,2-firexport_basic_1789247966014.csv,66,legacy,zlib,distilgpt2,squad,11,2,2,1,1,64,-0.0058,,,False,6,3,3,2,1,0,3,0.6666666666666666,0.0,0.8333333333333333,0.6666666666666666,0.7777777777777778,False,6
4c87436c5c6cb8eb,2-firexport_basic_1789247966014.csv,67,legacy,reference,distilgpt2,squad,7,2,2,1,2,64,0.25,,,False,6,3,3,3,0,0,3,1.0,0.0,1.0,1.0,1.0,False,6
512ee0535077eae5,2-firexport_basic_1789247966014.csv,69,legacy,samia,distilgpt2,squad,11,2,2,1,1,64,0.5,,,False,6,3,3,0,3,0,3,0.0,0.0,0.5,0.0,0.8333333333333334,True,5
514ede70d7572eed,2-firexport_basic_1789247966014.csv,70,legacy,recall,distilgpt2,squad,7,2,2,1,1,256,1.05,,,False,6,3,3,2,1,2,1,0.6666666666666666,0.6666666666666666,0.5,0.0,0.6666666666666666,False,6
528bd211d06e93c1,2-firexport_basic_1789247966014.csv,71,legacy,zlib,distilgpt2,hotpot_qa,7,2,2,1,1,64,-0.0058,,,False,6,3,3,3,0,3,0,1.0,1.0,0.5,0.0,0.6666666666666666,True,6
53f70cb09e3bf284,2-firexport_basic_1789247966014.csv,72,legacy,wbc,distilgpt2,squad,7,2,2,1,2,64,0.75,,,False,6,3,3,3,0,0,3,1.0,0.0,1.0,1.0,1.0,False,6
56501545954d3eb0,2-firexport_basic_1789247966014.csv,74,legacy,neighborhood,distilgpt2,squad,7,2,2,4,1,64,0.02,,,False,6,3,3,3,0,3,0,1.0,1.0,0.5,0.0,0.7777777777777778,True,6
5ec3739fdd1236f1,2-firexport_basic_1789247966014.csv,76,legacy,min_k_plus_plus,distilgpt2,nq_open,7,2,2,1,1,64,-3.25,,,False,6,3,3,3,0,3,0,1.0,1.0,0.5,0.0,0.6666666666666666,True,6
5f3dab9acbbaad84,2-firexport_basic_1789247966014.csv,77,legacy,min_k,distilgpt2,squad,7,2,2,1,2,64,-4.08,,,False,6,3,3,0,3,0,3,0.0,0.0,0.5,0.0,0.7777777777777778,True,6
6421279e65afeb22,2-firexport_basic_1789247966014.csv,79,legacy,recall,distilgpt2,trivia_qa,7,2,2,1,1,64,1.05,,,False,6,3,3,3,0,3,0,1.0,1.0,0.5,0.0,0.7777777777777778,True,6
68ee0950b968a6a5,2-firexport_basic_1789247966014.csv,80,legacy,spv_mia,distilgpt2,squad,7,2,2,1,2,64,0,,,False,6,3,3,3,0,2,1,1.0,0.6666666666666666,0.6666666666666666,0.33333333333333337,1.0,False,6
6a458efe5375606d,2-firexport_basic_1789247966014.csv,81,legacy,spv_mia,distilgpt2,squad,7,2,2,1,4,64,0,,,False,6,3,3,3,0,3,0,1.0,1.0,0.5,0.0,1.0,True,6
6d419fac731a09a1,2-firexport_basic_1789247966014.csv,82,legacy,spv_mia,distilgpt2,medical_medquad,7,2,2,1,1,64,0,,,False,6,3,3,3,0,3,0,1.0,1.0,0.5,0.0,1.0,True,6
6e0ea41c4d886785,2-firexport_basic_1789247966014.csv,83,legacy,min_k,distilgpt2,squad,7,2,2,4,1,64,-4.08,,,False,6,3,3,0,3,0,3,0.0,0.0,0.5,0.0,0.7777777777777778,True,6
6e3490cbcd838398,2-firexport_basic_1789247966014.csv,84,legacy,min_k,distilgpt2,squad,7,2,2,1,1,128,-4.08,,,False,6,3,3,0,3,0,3,0.0,0.0,0.5,0.0,0.6666666666666666,True,6
72c7a58f83f345b7,2-firexport_basic_1789247966014.csv,85,legacy,min_k,distilgpt2,squad,23,2,2,1,1,64,-4.08,,,False,6,3,3,0,3,0,3,0.0,0.0,0.5,0.0,0.7777777777777778,True,6
74eb90a1c22346cb,2-firexport_basic_1789247966014.csv,86,legacy,recall,distilgpt2,medical_medquad,7,2,2,1,1,64,1.05,,,False,6,3,3,0,3,0,3,0.0,0.0,0.5,0.0,0.6666666666666666,True,6
75f28371701aa738,2-firexport_basic_1789247966014.csv,87,legacy,samia,distilgpt2,nq_open,7,2,2,1,1,64,0.5,,,False,6,3,3,0,3,0,3,0.0,0.0,0.5,0.0,0.5555555555555556,True,4
7603051caa0206e586145205,2-firexport_basic_1789247966014.csv,88,legacy,amia,distilgpt2,squad,7,2,2,1,1,128,,1e-08,,False,6,3,3,3,0,0,3,1.0,0.0,1.0,1.0,1.0,False,2
7687ea56592d3da9,2-firexport_basic_1789247966014.csv,89,legacy,min_k,distilgpt2,squad,42,2,2,1,1,64,-4.08,,,False,6,3,3,0,3,0,3,0.0,0.0,0.5,0.0,0.6666666666666666,True,6
7866030d837f7c15,2-firexport_basic_1789247966014.csv,90,legacy,spv_mia,distilgpt2,squad,23,2,2,1,1,64,0,,,False,6,3,3,3,0,2,1,1.0,0.6666666666666666,0.6666666666666666,0.33333333333333337,1.0,False,6
79c0d7570606bac8bfa7a034,2-firexport_basic_1789247966014.csv,91,legacy,amia,distilgpt2,corporate_enron,7,2,2,1,1,64,,1e-08,,False,6,3,3,3,0,0,3,1.0,0.0,1.0,1.0,1.0,False,2
7a3ef861d363b156,2-firexport_basic_1789247966014.csv,92,legacy,min_k_plus_plus,distilgpt2,squad,7,2,2,4,1,64,-3.25,,,False,6,3,3,3,0,3,0,1.0,1.0,0.5,0.0,0.7777777777777778,True,6
7a8f72848931df6d,2-firexport_basic_1789247966014.csv,93,legacy,zlib,distilgpt2,squad,7,2,2,1,1,128,-0.0058,,,False,6,3,3,1,2,1,2,0.3333333333333333,0.3333333333333333,0.5,0.0,0.6666666666666666,False,6
7da6be4969389fbb,2-firexport_basic_1789247966014.csv,94,legacy,reference,distilgpt2,squad,7,8,8,1,1,64,0.25,,,False,6,3,3,0,3,0,3,0.0,0.0,0.5,0.0,0.8888888888888888,True,6
7ebce0953d0d166f,2-firexport_basic_1789247966014.csv,95,legacy,neighborhood,distilgpt2,squad,7,2,2,1,1,256,0.02,,,False,6,3,3,3,0,3,0,1.0,1.0,0.5,0.0,0.6666666666666666,True,6
7fd5a8fb57d6cffe,2-firexport_basic_1789247966014.csv,96,legacy,samia,distilgpt2,squad,23,2,2,1,1,64,0.5,,,False,6,3,3,0,3,0,3,0.0,0.0,0.5,0.0,0.7777777777777778,True,6
82475907cac55ffb,2-firexport_basic_1789247966014.csv,97,legacy,spv_mia,distilgpt2,corporate_enron,7,2,2,1,1,64,0,,,False,6,3,3,3,0,2,1,1.0,0.6666666666666666,0.6666666666666666,0.33333333333333337,1.0,False,6
854e7d422bb6f080,2-firexport_basic_1789247966014.csv,99,legacy,min_k_plus_plus,distilgpt2,squad,7,2,2,1,1,64,-3.25,,,False,6,3,3,3,0,3,0,1.0,1.0,0.5,0.0,0.6666666666666666,True,6
8a4ac8e0c797370d,2-firexport_basic_1789247966014.csv,100,legacy,neighborhood,distilgpt2,nq_open,7,2,2,1,1,64,0.02,,,False,6,3,3,2,1,2,1,0.6666666666666666,0.6666666666666666,0.5,0.0,0.4444444444444444,False,6
8b1ea5586ecec2eb,2-firexport_basic_1789247966014.csv,101,legacy,min_k_plus_plus,distilgpt2,squad,7,2,2,2,1,64,-3.25,,,False,6,3,3,3,0,3,0,1.0,1.0,0.5,0.0,0.7777777777777778,True,6
8d8d52ab43f71e0a10dfc5c1,2-firexport_basic_1789247966014.csv,102,legacy,amia,distilgpt2,squad,7,2,2,1,1,256,,1e-08,,False,6,3,3,3,0,0,3,1.0,0.0,1.0,1.0,1.0,False,2
8db483c0dfe4676b,2-firexport_basic_1789247966014.csv,103,legacy,min_k,distilgpt2,medical_medquad,7,2,2,1,1,64,-4.08,,,False,6,3,3,0,3,0,3,0.0,0.0,0.5,0.0,0.7777777777777778,True,6
8eba2ac76b88198a48ef4c7a,2-firexport_basic_1789247966014.csv,104,legacy,amia,distilgpt2,hotpot_qa,7,2,2,1,1,64,,1e-08,,False,6,3,3,3,0,0,3,1.0,0.0,1.0,1.0,1.0,False,3
93bcc69a559719db,2-firexport_basic_1789247966014.csv,106,legacy,samia,distilgpt2,hotpot_qa,7,2,2,1,1,64,0.5,,,False,6,3,3,0,3,0,3,0.0,0.0,0.5,0.0,0.7777777777777778,True,6
952a81adf03b3164,2-firexport_basic_1789247966014.csv,107,legacy,wbc,distilgpt2,squad,7,2,2,1,1,128,0.75,,,False,6,3,3,3,0,2,1,1.0,0.6666666666666666,0.6666666666666666,0.33333333333333337,1.0,False,6
961e488f2faba7c5,2-firexport_basic_1789247966014.csv,108,legacy,zlib,distilgpt2,trivia_qa,7,2,2,1,1,64,-0.0058,,,False,6,3,3,1,2,1,2,0.3333333333333333,0.3333333333333333,0.5,0.0,0.6666666666666666,False,6
96ea437c8cfbe19b,2-firexport_basic_1789247966014.csv,109,legacy,recall,distilgpt2,squad,7,2,2,1,1,64,1.05,,,False,6,3,3,2,1,2,1,0.6666666666666666,0.6666666666666666,0.5,0.0,0.6666666666666666,False,6
987dc254a6a200a0,2-firexport_basic_1789247966014.csv,110,legacy,min_k_plus_plus,distilgpt2,squad,7,2,2,1,1,64,-3.25,,,False,100,50,50,49,1,48,2,0.98,0.96,0.51,0.020000000000000018,0.6076,False,100
992060d374b27dc2,2-firexport_basic_1789247966014.csv,111,legacy,zlib,distilgpt2,corporate_enron,7,2,2,1,1,64,-0.0058,,,False,6,3,3,3,0,3,0,1.0,1.0,0.5,0.0,0.7777777777777778,True,6
9932589736a6ac83,2-firexport_basic_1789247966014.csv,112,legacy,samia,distilgpt2,corporate_enron,7,2,2,1,1,64,0.5,,,False,6,3,3,0,3,0,3,0.0,0.0,0.5,0.0,0.6666666666666666,True,6
9a06f5bfce0550ad,2-firexport_basic_1789247966014.csv,113,legacy,neighborhood,distilgpt2,financial_phrasebank,7,2,2,1,1,64,0.02,,,False,6,3,3,2,1,2,1,0.6666666666666666,0.6666666666666666,0.5,0.0,0.6666666666666666,False,6
9c4dce399ce0eafe,2-firexport_basic_1789247966014.csv,114,legacy,min_k_plus_plus,distilgpt2,squad,7,8,8,1,1,64,-3.25,,,False,6,3,3,3,0,3,0,1.0,1.0,0.5,0.0,0.6666666666666666,True,6
9d0da95be20b7a72,2-firexport_basic_1789247966014.csv,116,legacy,wbc,distilgpt2,nq_open,7,2,2,1,1,64,0.75,,,False,6,3,3,3,0,3,0,1.0,1.0,0.5,0.0,1.0,True,5
9e313f19a1a1c39c,2-firexport_basic_1789247966014.csv,117,legacy,neighborhood,distilgpt2,squad,7,2,2,1,2,64,0.02,,,False,6,3,3,3,0,3,0,1.0,1.0,0.5,0.0,0.6666666666666666,True,6
9fe343dfa504e96f,2-firexport_basic_1789247966014.csv,118,legacy,reference,distilgpt2,financial_phrasebank,7,2,2,1,1,64,0.25,,,False,6,3,3,1,2,0,3,0.3333333333333333,0.0,0.6666666666666666,0.3333333333333333,1.0,False,6
a25bbb4013a5de56,2-firexport_basic_1789247966014.csv,121,legacy,neighborhood,distilgpt2,squad,7,2,2,1,1,128,0.02,,,False,6,3,3,3,0,3,0,1.0,1.0,0.5,0.0,0.6666666666666666,True,6
a3c01181a2b71363,2-firexport_basic_1789247966014.csv,122,legacy,spv_mia,distilgpt2,squad,11,2,2,1,1,64,0,,,False,6,3,3,3,0,3,0,1.0,1.0,0.5,0.0,1.0,True,6
a45b140ef8b81f83,2-firexport_basic_1789247966014.csv,123,legacy,wbc,distilgpt2,squad,7,2,2,1,1,64,0.75,,,False,6,3,3,3,0,2,1,1.0,0.6666666666666666,0.6666666666666666,0.33333333333333337,1.0,False,6
a5e65499dd4c6115,2-firexport_basic_1789247966014.csv,124,legacy,spv_mia,distilgpt2,trivia_qa,7,2,2,1,1,64,0,,,False,6,3,3,3,0,3,0,1.0,1.0,0.5,0.0,0.7777777777777778,True,6
a98b5ee0a609e1fc,2-firexport_basic_1789247966014.csv,125,legacy,neighborhood,distilgpt2,trivia_qa,7,2,2,1,1,64,0.02,,,False,6,3,3,3,0,3,0,1.0,1.0,0.5,0.0,0.7777777777777778,True,6
a9cb52270da42cf2,2-firexport_basic_1789247966014.csv,126,legacy,samia,distilgpt2,squad,101,2,2,1,1,64,0.5,,,False,6,3,3,0,3,0,3,0.0,0.0,0.5,0.0,0.3888888888888889,True,5
aa6fa08da03d6b1204ace91e,2-firexport_basic_1789247966014.csv,127,legacy,amia,distilgpt2,squad,23,2,2,1,1,64,,1e-08,,False,6,3,3,3,0,0,3,1.0,0.0,1.0,1.0,1.0,False,3
abfa345acbf3cdc7,2-firexport_basic_1789247966014.csv,128,legacy,min_k,distilgpt2,hotpot_qa,7,2,2,1,1,64,-4.08,,,False,6,3,3,0,3,0,3,0.0,0.0,0.5,0.0,0.7777777777777778,True,6
adf014c7f50ef6da,2-firexport_basic_1789247966014.csv,131,legacy,recall,distilgpt2,financial_phrasebank,7,2,2,1,1,64,1.05,,,False,6,3,3,0,3,0,3,0.0,0.0,0.5,0.0,0.7777777777777778,True,6
b0258fc79a7bfd37,2-firexport_basic_1789247966014.csv,132,legacy,zlib,distilgpt2,squad,42,2,2,1,1,64,-0.0058,,,False,6,3,3,1,2,0,3,0.3333333333333333,0.0,0.6666666666666666,0.3333333333333333,0.6666666666666666,False,6
b079e79da2326de3,2-firexport_basic_1789247966014.csv,133,legacy,samia,distilgpt2,squad,7,2,2,1,1,128,0.5,,,False,6,3,3,0,3,0,3,0.0,0.0,0.5,0.0,0.6666666666666666,True,4
b5e407d5c251f6b7,2-firexport_basic_1789247966014.csv,134,legacy,neighborhood,distilgpt2,squad,7,2,2,2,1,64,0.02,,,False,6,3,3,3,0,3,0,1.0,1.0,0.5,0.0,0.6666666666666666,True,6
b63073d518f1a962,2-firexport_basic_1789247966014.csv,135,legacy,recall,distilgpt2,squad,23,2,2,1,1,64,1.05,,,False,6,3,3,3,0,3,0,1.0,1.0,0.5,0.0,0.6666666666666666,True,6
b6ea098bdfa7f668,2-firexport_basic_1789247966014.csv,136,legacy,samia,distilgpt2,squad,7,2,2,1,2,64,0.5,,,False,6,3,3,0,3,0,3,0.0,0.0,0.5,0.0,0.6666666666666666,True,2
b70c07e19160aa8a,2-firexport_basic_1789247966014.csv,137,legacy,reference,distilgpt2,squad,7,2,2,1,1,128,0.25,,,False,6,3,3,1,2,0,3,0.3333333333333333,0.0,0.6666666666666666,0.3333333333333333,1.0,False,6
b7501970e0095b75,2-firexport_basic_1789247966014.csv,138,legacy,spv_mia,distilgpt2,financial_phrasebank,7,2,2,1,1,64,0,,,False,6,3,3,3,0,3,0,1.0,1.0,0.5,0.0,0.8888888888888888,True,6
b87fe0170c4f279f,2-firexport_basic_1789247966014.csv,140,legacy,samia,distilgpt2,squad,42,2,2,1,1,64,0.5,,,False,6,3,3,0,3,0,3,0.0,0.0,0.5,0.0,0.5555555555555556,True,6
b9373c825fcb1ced,2-firexport_basic_1789247966014.csv,141,legacy,zlib,distilgpt2,nq_open,7,2,2,1,1,64,-0.0058,,,False,6,3,3,0,3,0,3,0.0,0.0,0.5,0.0,0.6666666666666666,True,6
b9cd0b73f710bfe628719b5c,2-firexport_basic_1789247966014.csv,143,legacy,amia,distilgpt2,financial_phrasebank,7,2,2,1,1,64,,1e-08,,False,6,3,3,3,0,0,3,1.0,0.0,1.0,1.0,1.0,False,2
badef0729b228ec2,2-firexport_basic_1789247966014.csv,144,legacy,min_k,distilgpt2,squad,7,8,8,1,1,64,-4.08,,,False,6,3,3,0,3,0,3,0.0,0.0,0.5,0.0,0.6666666666666666,True,6
bc4ed6fd68c97a0c,2-firexport_basic_1789247966014.csv,145,legacy,min_k,distilgpt2,squad,7,2,2,1,1,64,-4.08,,,False,6,3,3,0,3,0,3,0.0,0.0,0.5,0.0,0.6666666666666666,True,6
bf2a7c782e48d3d5,2-firexport_basic_1789247966014.csv,146,legacy,min_k_plus_plus,distilgpt2,squad,23,2,2,1,1,64,-3.25,,,False,6,3,3,3,0,3,0,1.0,1.0,0.5,0.0,0.6666666666666666,True,6
c0fcca34e3e814d6,2-firexport_basic_1789247966014.csv,147,legacy,neighborhood,distilgpt2,squad,7,2,2,1,1,64,0.02,,,False,100,50,50,50,0,50,0,1.0,1.0,0.5,0.0,0.5636,True,100
c35dcb10d09d72d4,2-firexport_basic_1789247966014.csv,148,legacy,zlib,distilgpt2,squad,101,2,2,1,1,64,-0.0058,,,False,6,3,3,1,2,1,2,0.3333333333333333,0.3333333333333333,0.5,0.0,0.7777777777777778,False,6
c544038b72bb5c11,2-firexport_basic_1789247966014.csv,149,legacy,wbc,distilgpt2,squad,11,2,2,1,1,64,0.75,,,False,6,3,3,3,0,1,2,1.0,0.3333333333333333,0.8333333333333333,0.6666666666666667,1.0,False,5
c595f3a93f634259,2-firexport_basic_1789247966014.csv,150,legacy,zlib,distilgpt2,squad,7,2,2,2,1,64,-0.0058,,,False,6,3,3,2,1,1,2,0.6666666666666666,0.3333333333333333,0.6666666666666666,0.3333333333333333,0.6666666666666666,False,6
cc3fec0618458a47,2-firexport_basic_1789247966014.csv,154,legacy,min_k_plus_plus,distilgpt2,squad,11,2,2,1,1,64,-3.25,,,False,6,3,3,3,0,3,0,1.0,1.0,0.5,0.0,0.6666666666666666,True,6
cc66bfa89355f21e,2-firexport_basic_1789247966014.csv,155,legacy,neighborhood,distilgpt2,squad,23,2,2,1,1,64,0.02,,,False,6,3,3,3,0,3,0,1.0,1.0,0.5,0.0,0.6666666666666666,True,6
ccf489b6dad44c11,2-firexport_basic_1789247966014.csv,156,legacy,samia,distilgpt2,squad,7,2,2,1,1,256,0.5,,,False,6,3,3,0,3,0,3,0.0,0.0,0.5,0.0,0.4444444444444444,True,3
ccf933459ff50c36,2-firexport_basic_1789247966014.csv,157,legacy,recall,distilgpt2,squad,7,2,2,2,1,64,1.05,,,False,6,3,3,2,1,2,1,0.6666666666666666,0.6666666666666666,0.5,0.0,0.6666666666666666,False,6
d06e65e196c0822b,2-firexport_basic_1789247966014.csv,160,legacy,min_k_plus_plus,distilgpt2,squad,7,2,2,1,1,128,-3.25,,,False,6,3,3,3,0,3,0,1.0,1.0,0.5,0.0,0.6666666666666666,True,6
d22077eda170c4a1,2-firexport_basic_1789247966014.csv,161,legacy,min_k_plus_plus,distilgpt2,squad,42,2,2,1,1,64,-3.25,,,False,6,3,3,3,0,3,0,1.0,1.0,0.5,0.0,0.7777777777777778,True,6
d386579e1d73fff6,2-firexport_basic_1789247966014.csv,162,legacy,samia,distilgpt2,financial_phrasebank,7,2,2,1,1,64,0.5,,,False,6,3,3,0,3,0,3,0.0,0.0,0.5,0.0,0.5,True,5
d4596d125121524da56690f1,2-firexport_basic_1789247966014.csv,163,legacy,amia,distilgpt2,trivia_qa,7,2,2,1,1,64,,1e-08,,False,6,3,3,3,0,0,3,1.0,0.0,1.0,1.0,1.0,False,2
d620efe8bd2b013e3d013bc5,2-firexport_basic_1789247966014.csv,164,legacy,amia,distilgpt2,medical_medquad,7,2,2,1,1,64,,1e-08,,False,6,3,3,3,0,0,3,1.0,0.0,1.0,1.0,1.0,False,2
d795ff26eac75b07,2-firexport_basic_1789247966014.csv,165,legacy,neighborhood,distilgpt2,hotpot_qa,7,2,2,1,1,64,0.02,,,False,6,3,3,3,0,3,0,1.0,1.0,0.5,0.0,0.6666666666666666,True,6
d90c4eff88e0cf9a,2-firexport_basic_1789247966014.csv,166,legacy,min_k,distilgpt2,squad,7,2,2,1,1,64,-4.08,,,False,100,50,50,0,50,0,50,0.0,0.0,0.5,0.0,0.592,True,100
d94ae12b1674d8c0,2-firexport_basic_1789247966014.csv,167,legacy,recall,distilgpt2,squad,7,8,8,1,1,64,1.05,,,False,6,3,3,2,1,2,1,0.6666666666666666,0.6666666666666666,0.5,0.0,0.6666666666666666,False,6
d996c0ebaa59da88,2-firexport_basic_1789247966014.csv,168,legacy,spv_mia,distilgpt2,hotpot_qa,7,2,2,1,1,64,0,,,False,6,3,3,3,0,1,2,1.0,0.3333333333333333,0.8333333333333333,0.6666666666666667,1.0,False,6
dc85fa13898c897f,2-firexport_basic_1789247966014.csv,170,legacy,spv_mia,distilgpt2,squad,42,2,2,1,1,64,0,,,False,6,3,3,3,0,3,0,1.0,1.0,0.5,0.0,1.0,True,6
e0a38c1a87c6affb,2-firexport_basic_1789247966014.csv,173,legacy,recall,distilgpt2,corporate_enron,7,2,2,1,1,64,1.05,,,False,6,3,3,0,3,0,3,0.0,0.0,0.5,0.0,0.6666666666666666,True,6
e17f62803876e09a,2-firexport_basic_1789247966014.csv,174,legacy,zlib,distilgpt2,squad,7,2,2,1,1,64,-0.0058,,,False,100,50,50,19,31,12,38,0.38,0.24,0.5700000000000001,0.14,0.5716,False,100
e29b44cb909c5c09,2-firexport_basic_1789247966014.csv,176,legacy,min_k_plus_plus,distilgpt2,financial_phrasebank,7,2,2,1,1,64,-3.25,,,False,6,3,3,3,0,3,0,1.0,1.0,0.5,0.0,0.6666666666666666,True,6
e424f9aa8fd678ac4a0a96a4,2-firexport_basic_1789247966014.csv,177,legacy,amia,distilgpt2,nq_open,7,2,2,1,1,64,,1e-08,,False,6,3,3,3,0,0,3,1.0,0.0,1.0,1.0,1.0,False,3
e4cc207a0b2b4205,2-firexport_basic_1789247966014.csv,178,legacy,min_k,distilgpt2,nq_open,7,2,2,1,1,64,-4.08,,,False,6,3,3,0,3,0,3,0.0,0.0,0.5,0.0,0.6666666666666666,True,6
e52451f3b8820368cf2fa66f,2-firexport_basic_1789247966014.csv,179,legacy,amia,distilgpt2,squad,7,2,2,1,1,64,,1e-08,,False,6,3,3,3,0,0,3,1.0,0.0,1.0,1.0,1.0,False,2
e57ef365bc576759,2-firexport_basic_1789247966014.csv,180,legacy,zlib,distilgpt2,squad,23,2,2,1,1,64,-0.0058,,,False,6,3,3,2,1,2,1,0.6666666666666666,0.6666666666666666,0.5,0.0,0.6666666666666666,False,6
e70fd3347ae1bb00fdadeb04,2-firexport_basic_1789247966014.csv,181,legacy,amia,distilgpt2,squad,7,8,8,1,1,64,,1e-08,,False,6,3,3,3,0,0,3,1.0,0.0,1.0,1.0,1.0,False,2
eab00f9495d6ae2c,2-firexport_basic_1789247966014.csv,183,legacy,spv_mia,distilgpt2,squad,101,2,2,1,1,64,0,,,False,6,3,3,3,0,3,0,1.0,1.0,0.5,0.0,0.7777777777777778,True,6
eb8785c1e48a5c0d,2-firexport_basic_1789247966014.csv,184,legacy,zlib,distilgpt2,medical_medquad,7,2,2,1,1,64,-0.0058,,,False,6,3,3,3,0,3,0,1.0,1.0,0.5,0.0,0.7777777777777778,True,6
ed1dcfd1830d071b,2-firexport_basic_1789247966014.csv,185,legacy,wbc,distilgpt2,hotpot_qa,7,2,2,1,1,64,0.75,,,False,6,3,3,3,0,1,2,1.0,0.3333333333333333,0.8333333333333333,0.6666666666666667,1.0,False,6
f125dbbdb11ec46c,2-firexport_basic_1789247966014.csv,189,legacy,zlib,distilgpt2,financial_phrasebank,7,2,2,1,1,64,-0.0058,,,False,6,3,3,2,1,2,1,0.6666666666666666,0.6666666666666666,0.5,0.0,0.6666666666666666,False,6
f1f0aef70adb15cd,2-firexport_basic_1789247966014.csv,190,legacy,zlib,distilgpt2,squad,7,2,2,1,4,64,-0.0058,,,False,6,3,3,2,1,1,2,0.6666666666666666,0.3333333333333333,0.6666666666666666,0.3333333333333333,0.6666666666666666,False,6
f22ca4f7145f57c6,2-firexport_basic_1789247966014.csv,191,legacy,wbc,distilgpt2,squad,101,2,2,1,1,64,0.75,,,False,6,3,3,3,0,1,2,1.0,0.3333333333333333,0.8333333333333333,0.6666666666666667,1.0,False,5
f2a36740575b6eb1,2-firexport_basic_1789247966014.csv,192,legacy,samia,distilgpt2,squad,7,2,2,1,1,64,0.5,,,False,6,3,3,0,3,0,3,0.0,0.0,0.5,0.0,0.5555555555555556,True,4
f31f0e94f1aa5d0e,2-firexport_basic_1789247966014.csv,193,legacy,reference,distilgpt2,trivia_qa,7,2,2,1,1,64,0.25,,,False,6,3,3,1,2,0,3,0.3333333333333333,0.0,0.6666666666666666,0.3333333333333333,1.0,False,6
f57a0d1989cf8e65,2-firexport_basic_1789247966014.csv,194,legacy,wbc,distilgpt2,squad,23,2,2,1,1,64,0.75,,,False,6,3,3,3,0,2,1,1.0,0.6666666666666666,0.6666666666666666,0.33333333333333337,1.0,False,6
f5edce4ede96e53e,2-firexport_basic_1789247966014.csv,195,legacy,spv_mia,distilgpt2,squad,7,2,2,1,1,128,0,,,False,6,3,3,3,0,2,1,1.0,0.6666666666666666,0.6666666666666666,0.33333333333333337,1.0,False,6
f66069c304b351f9,2-firexport_basic_1789247966014.csv,196,legacy,neighborhood,distilgpt2,squad,42,2,2,1,1,64,0.02,,,False,6,3,3,3,0,3,0,1.0,1.0,0.5,0.0,0.6666666666666666,True,6
f855ca6edebf2492,2-firexport_basic_1789247966014.csv,197,legacy,min_k,distilgpt2,squad,11,2,2,1,1,64,-4.08,,,False,6,3,3,0,3,0,3,0.0,0.0,0.5,0.0,0.6666666666666666,True,6
f8621fbd3764de37,2-firexport_basic_1789247966014.csv,198,legacy,min_k_plus_plus,distilgpt2,squad,7,2,2,1,2,64,-3.25,,,False,6,3,3,3,0,3,0,1.0,1.0,0.5,0.0,0.6666666666666666,True,6
f896f1036a74331e,2-firexport_basic_1789247966014.csv,199,legacy,min_k_plus_plus,distilgpt2,trivia_qa,7,2,2,1,1,64,-3.25,,,False,6,3,3,3,0,3,0,1.0,1.0,0.5,0.0,0.6666666666666666,True,6
f9919a36a92aa170,2-firexport_basic_1789247966014.csv,200,legacy,wbc,distilgpt2,squad,42,2,2,1,1,64,0.75,,,False,6,3,3,3,0,1,2,1.0,0.3333333333333333,0.8333333333333333,0.6666666666666667,0.8888888888888888,False,6
fba5be4ff28e0bdf,2-firexport_basic_1789247966014.csv,202,legacy,min_k,distilgpt2,corporate_enron,7,2,2,1,1,64,-4.08,,,False,6,3,3,0,3,0,3,0.0,0.0,0.5,0.0,0.6666666666666666,True,6
fcbf6b3d38dca0f2,2-firexport_basic_1789247966014.csv,203,legacy,min_k,distilgpt2,financial_phrasebank,7,2,2,1,1,64,-4.08,,,False,6,3,3,0,3,0,3,0.0,0.0,0.5,0.0,0.6666666666666666,True,6
fef82f52ddbc6cae,2-firexport_basic_1789247966014.csv,205,legacy,wbc,distilgpt2,corporate_enron,7,2,2,1,1,64,0.75,,,False,6,3,3,3,0,3,0,1.0,1.0,0.5,0.0,1.0,True,6
ff33ad18d33efd58,2-firexport_basic_1789247966014.csv,206,legacy,zlib,distilgpt2,squad,7,2,2,4,1,64,-0.0058,,,False,6,3,3,2,1,1,2,0.6666666666666666,0.3333333333333333,0.6666666666666666,0.3333333333333333,0.7777777777777778,False,6
ff4f6c6f9789128df400c106,2-firexport_basic_1789247966014.csv,207,legacy,amia,distilgpt2,squad,42,2,2,1,1,64,,1e-08,,False,6,3,3,3,0,0,3,1.0,0.0,1.0,1.0,1.0,False,3
ff7a09e6b91569bd,2-firexport_basic_1789247966014.csv,208,legacy,reference,distilgpt2,medical_medquad,7,2,2,1,1,64,0.25,,,False,6,3,3,2,1,0,3,0.6666666666666666,0.0,0.8333333333333333,0.6666666666666666,1.0,False,6
loss_federated_llm_adaptation_v1_14b11497676c8fa1,2-firexport_basic_1789247966014.csv,209,legacy,loss,distilgpt2,squad,23,2,2,1,1,64,,,,False,6,3,3,3,0,2,1,1.0,0.6666666666666666,0.6666666666666666,0.33333333333333337,0.6666666666666666,False,6
loss_federated_llm_adaptation_v1_1696351163ec887e,2-firexport_basic_1789247966014.csv,210,legacy,loss,distilgpt2,financial_phrasebank,7,2,2,1,1,64,,,,False,6,3,3,1,2,1,2,0.3333333333333333,0.3333333333333333,0.5,0.0,0.6666666666666666,False,6
loss_federated_llm_adaptation_v1_1b3785ae8a1253f7,2-firexport_basic_1789247966014.csv,211,legacy,loss,distilgpt2,trivia_qa,7,2,2,1,1,64,,,,False,6,3,3,1,2,1,2,0.3333333333333333,0.3333333333333333,0.5,0.0,0.6666666666666666,False,6
loss_federated_llm_adaptation_v1_207f75ef11bbc6d2,2-firexport_basic_1789247966014.csv,212,legacy,loss,distilgpt2,squad,7,2,2,1,1,128,,,,False,6,3,3,2,1,1,2,0.6666666666666666,0.3333333333333333,0.6666666666666666,0.3333333333333333,0.7777777777777778,False,6
loss_federated_llm_adaptation_v1_28f5262d0a28f101,2-firexport_basic_1789247966014.csv,213,legacy,loss,distilgpt2,squad,42,2,2,1,1,64,,,,False,6,3,3,1,2,0,3,0.3333333333333333,0.0,0.6666666666666666,0.3333333333333333,0.7777777777777778,False,6
loss_federated_llm_adaptation_v1_41eee18eab1757f8,2-firexport_basic_1789247966014.csv,214,legacy,loss,distilgpt2,squad,101,2,2,1,1,64,,,,False,6,3,3,2,1,2,1,0.6666666666666666,0.6666666666666666,0.5,0.0,0.6666666666666666,False,6
loss_federated_llm_adaptation_v1_4ddfab539fdbae35,2-firexport_basic_1789247966014.csv,215,legacy,loss,distilgpt2,corporate_enron,7,2,2,1,1,64,,,,False,6,3,3,1,2,0,3,0.3333333333333333,0.0,0.6666666666666666,0.3333333333333333,0.6666666666666666,False,6
loss_federated_llm_adaptation_v1_73f82bcbaa9f410e,2-firexport_basic_1789247966014.csv,218,legacy,loss,distilgpt2,medical_medquad,7,2,2,1,1,64,,,,False,6,3,3,2,1,1,2,0.6666666666666666,0.3333333333333333,0.6666666666666666,0.3333333333333333,0.7777777777777778,False,6
loss_federated_llm_adaptation_v1_7d34437e6da92da2,2-firexport_basic_1789247966014.csv,219,legacy,loss,distilgpt2,nq_open,7,2,2,1,1,64,,,,False,6,3,3,0,3,0,3,0.0,0.0,0.5,0.0,0.7777777777777778,True,6
loss_federated_llm_adaptation_v1_86d237f0db794a41,2-firexport_basic_1789247966014.csv,221,legacy,loss,distilgpt2,squad,11,2,2,1,1,64,,,,False,6,3,3,2,1,1,2,0.6666666666666666,0.3333333333333333,0.6666666666666666,0.3333333333333333,0.6666666666666666,False,6
loss_federated_llm_adaptation_v1_8a7d2e19178eb3ec,2-firexport_basic_1789247966014.csv,222,legacy,loss,distilgpt2,hotpot_qa,7,2,2,1,1,64,,,,False,6,3,3,1,2,1,2,0.3333333333333333,0.3333333333333333,0.5,0.0,0.7777777777777778,False,6
loss_federated_llm_adaptation_v1_909b9c8dbe0c5aa8,2-firexport_basic_1789247966014.csv,223,legacy,loss,distilgpt2,squad,7,2,2,1,1,256,,,,False,6,3,3,2,1,1,2,0.6666666666666666,0.3333333333333333,0.6666666666666666,0.3333333333333333,0.7777777777777778,False,6
loss_federated_llm_adaptation_v1_f90a9ec19f413285,2-firexport_basic_1789247966014.csv,227,legacy,loss,distilgpt2,squad,7,8,8,1,1,64,,,,False,6,3,3,1,2,1,2,0.3333333333333333,0.3333333333333333,0.5,0.0,0.6666666666666666,False,6
pipeline_v1_072611547ba24031b8837a92,2-firexport_basic_1789247966014.csv,234,pipeline_v1,zlib,sshleifer/tiny-gpt2,synthetic_client_text,7,2,2,1,1,32,-0.0058,,,True,2,1,1,0,1,0,1,0.0,0.0,0.5,0.0,0.0,True,2
pipeline_v1_2bd80fbc22c3e2ead4b472dd,2-firexport_basic_1789247966014.csv,243,pipeline_v1,zlib,sshleifer/tiny-gpt2,synthetic_client_text,7,2,2,1,1,32,-0.0058,,,True,2,1,1,0,1,0,1,0.0,0.0,0.5,0.0,1.0,True,2
pipeline_v1_51d0239eec7fb0d6d9c1b82c,2-firexport_basic_1789247966014.csv,265,pipeline_v1,min_k_plus_plus,sshleifer/tiny-gpt2,synthetic_client_text,7,2,2,1,1,32,-3.25,,,True,2,1,1,1,0,1,0,1.0,1.0,0.5,0.0,0.0,True,2
pipeline_v1_65f6a1dba98035ef0f4b972a,2-firexport_basic_1789247966014.csv,272,pipeline_v1,min_k,sshleifer/tiny-gpt2,synthetic_client_text,7,2,2,1,1,32,-4.08,,,True,2,1,1,0,1,0,1,0.0,0.0,0.5,0.0,0.0,True,2
theory_v2_bf5af86558fa_1c96ba426e39c132,2-firexport_basic_1789247966014.csv,333,theory_v2,zlib,distilgpt2,squad,7,2,2,1,1,64,-0.0058,,,False,6,3,3,2,1,1,2,0.6666666666666666,0.3333333333333333,0.6666666666666666,0.3333333333333333,0.6666666666666666,False,6
theory_v2_bf5af86558fa_4ce4c6db0e823140,2-firexport_basic_1789247966014.csv,334,theory_v2,samia,distilgpt2,squad,7,2,2,1,1,64,0.5,,,False,6,3,3,0,3,0,3,0.0,0.0,0.5,0.0,0.7222222222222222,True,5
theory_v2_bf5af86558fa_81f9026cf19c8058,2-firexport_basic_1789247966014.csv,335,theory_v2,reference,distilgpt2,squad,7,2,2,1,1,64,-0.75,,,False,6,3,3,0,3,0,3,0.0,0.0,0.5,0.0,1.0,True,6
theory_v2_bf5af86558fa_86e814e1d8c65846,2-firexport_basic_1789247966014.csv,336,theory_v2,min_k_plus_plus,distilgpt2,squad,7,2,2,1,1,64,-3.25,,,False,6,3,3,3,0,3,0,1.0,1.0,0.5,0.0,0.6666666666666666,True,6
theory_v2_bf5af86558fa_88b834546276109b54ed366a,2-firexport_basic_1789247966014.csv,337,theory_v2,amia,distilgpt2,squad,7,2,2,1,1,64,,1e-08,none,False,6,3,3,3,0,0,3,1.0,0.0,1.0,1.0,1.0,False,4
theory_v2_bf5af86558fa_ad937eacd1fb03d6,2-firexport_basic_1789247966014.csv,339,theory_v2,wbc,distilgpt2,squad,7,2,2,1,1,64,0.75,,,False,6,3,3,3,0,3,0,1.0,1.0,0.5,0.0,1.0,True,5
theory_v2_bf5af86558fa_b20d5e976260cc94,2-firexport_basic_1789247966014.csv,340,theory_v2,recall,distilgpt2,squad,7,2,2,1,1,64,1.05,,,False,6,3,3,1,2,0,3,0.3333333333333333,0.0,0.6666666666666666,0.3333333333333333,0.6666666666666666,False,6
theory_v2_bf5af86558fa_fbc41eba234546f0,2-firexport_basic_1789247966014.csv,341,theory_v2,min_k,distilgpt2,squad,7,2,2,1,1,64,-4.08,,,False,6,3,3,0,3,0,3,0.0,0.0,0.5,0.0,0.6666666666666666,True,6
